timestamp,cpu_percent,cpu_freq,mem_usage,net_sent,net_recv,energy_j,cpu_deriv,mem_deriv
2025-05-09 13:32:30,7.640473931903688,2601.706,6.650874808289115,124304970334,167232047278,,,
2025-05-09 13:32:31,7.646797184227083,2601.706,6.650874808289115,124415372310,167381064070,6.536567720347449,0.006323252323395145,0.0
2025-05-09 13:32:32,7.653060003433122,2601.706,6.650874808289115,124527740476,167532301528,6.541996661312281,0.006262819206039438,0.0
2025-05-09 13:32:33,7.659224196377303,2601.706,6.650874808289115,124642529086,167686527564,6.547468917867625,0.006164192944180691,0.0
2025-05-09 13:32:34,7.665547199472537,2601.706,6.650874808289115,124763742748,167849588832,6.554053348743812,0.00632300309523437,0.0
2025-05-09 13:32:35,7.671957758293671,2601.706,6.650874808289115,124886169496,168014124912,6.55945058560072,0.00641055882113406,0.0
2025-05-09 13:32:36,7.678209816387501,2601.706,6.650874808289115,125008531192,168178831314,6.564462759075784,0.006252058093830115,0.0
2025-05-09 13:32:37,7.684422702420017,2601.706,6.650874808289115,125124618838,168335117922,6.567963683501796,0.006212886032515463,0.0
2025-05-09 13:32:38,7.690623445543898,2601.706,6.650874808289115,125241674510,168492881754,6.573168803000901,0.006200743123881303,0.0
2025-05-09 13:32:39,7.696842740727681,2601.706,6.650874808289115,125359643178,168650890702,6.578260050347928,0.006219295183782947,0.0
2025-05-09 13:32:40,7.703019999073882,2601.706,6.650874808289115,125475908216,168807357816,6.582877310624888,0.0061772583462005315,0.0
2025-05-09 13:32:41,7.709229544810952,2601.706,6.650874808289115,125599925250,168974730108,6.589710664614543,0.006209545737069888,0.0
2025-05-09 13:32:42,7.715403507743121,2601.706,6.650874808289115,125715339410,169129589184,6.592538225960279,0.006173962932169097,0.0
2025-05-09 13:32:43,7.721555865090241,2601.706,6.651127579131493,125826783162,169279472510,6.596570551454824,0.006152357347120052,0.00025277084237806946
2025-05-09 13:32:44,7.727746693132621,2601.706,6.651127579131493,125942426672,169435390614,6.602546667488728,0.006190828042380581,0.0
2025-05-09 13:32:45,7.733953510615546,2601.706,6.651127579131493,126061260248,169595252016,6.608225457875068,0.00620681748292462,0.0
2025-05-09 13:32:46,7.740108219760682,2601.706,6.651127579131493,126177521632,169751415372,6.612522201391176,0.006154709145135939,0.0
2025-05-09 13:32:47,7.746311224173963,2601.706,6.651127579131493,126295736302,169910288892,6.617950949921801,0.0062030044132814766,0.0
2025-05-09 13:32:48,7.752413177119975,2601.706,6.651127579131493,126412912238,170068051650,6.62261756267861,0.0061019529460120125,0.0
2025-05-09 13:32:49,7.758652762464366,2601.706,6.651127579131493,126531305058,170227423266,6.627891805154123,0.006239585344390619,0.0
2025-05-09 13:32:50,7.764965460993251,2601.706,6.651127579131493,126649706904,170386295700,6.632892948377232,0.00631269852888483,0.0
2025-05-09 13:32:51,7.771170004453963,2601.706,6.651127579131493,126764131376,170540492274,6.636991259745801,0.0062045434607123084,0.0
2025-05-09 13:32:52,7.777389452585368,2601.706,6.651127579131493,126880273464,170696658318,6.642335526850925,0.006219448131404626,0.0
2025-05-09 13:32:53,7.783657862289914,2601.706,6.651127579131493,126995991688,170852268456,6.6472522776145615,0.0062684097045462295,0.0
2025-05-09 13:32:54,7.78980183687614,2601.706,6.651127579131493,127109510808,171005167476,6.651676435083543,0.006143974586225731,0.0
2025-05-09 13:32:55,7.795912354568261,2601.706,6.651127579131493,127226567140,171163112394,6.65742316023724,0.006110517692121675,0.0
2025-05-09 13:32:56,7.80210358107237,2601.706,6.651127579131493,127343799728,171320140956,6.662302131440526,0.006191226504108194,0.0
2025-05-09 13:32:57,7.8083350998660705,2601.706,6.651127579131493,127464643694,171482955792,6.6682271116754865,0.006231518793700985,0.0
2025-05-09 13:32:58,7.814536661518501,2601.706,6.651127579131493,127586519596,171646999530,6.673414444797431,0.006201561652430243,0.0
2025-05-09 13:32:59,7.820734378993385,2601.706,6.651127579131493,127706075884,171807597426,6.677796073177339,0.006197717474884179,0.0
2025-05-09 13:33:00,7.827036505081569,2601.706,6.651127579131493,127825582738,171968732362,6.682886534647886,0.006302126088184146,0.0
2025-05-09 13:33:01,7.83318579511946,2601.706,6.651127579131493,127950090270,172136097646,6.688929069278198,0.00614929003789122,0.0
2025-05-09 13:33:02,7.839426704140787,2601.706,6.651127579131493,128064160422,172289283500,6.69146011549526,0.006240909021326679,0.0
2025-05-09 13:33:03,7.845604629569627,2601.706,6.651127579131493,128178545890,172443231254,6.696510177438332,0.006177925428840325,0.0
2025-05-09 13:33:04,7.851842067488607,2601.706,6.651127579131493,128294241172,172599210032,6.701834211573517,0.0062374379189797935,0.0
2025-05-09 13:33:05,7.858077136425587,2601.706,6.651127579131493,128410007040,172754817518,6.7067921961231,0.006235068936979893,0.0
2025-05-09 13:33:06,7.864316051418019,2601.706,6.651127579131493,128526938242,172912089722,6.712066333317045,0.006238914992431788,0.0
2025-05-09 13:33:07,7.870522833550303,2601.706,6.651127579131493,128639243246,173063573960,6.715990342622873,0.006206782132283983,0.0
2025-05-09 13:33:08,7.876793122801565,2601.706,6.651127579131493,128753972054,173217764012,6.721519535823882,0.006270289251261829,0.0
2025-05-09 13:33:09,7.882979183344832,2601.706,6.651127579131493,128871518248,173375527076,6.727107424058496,0.006186060543267757,0.0
2025-05-09 13:33:10,7.889212293916126,2601.706,6.651127579131493,128989863270,173534894834,6.732334264715531,0.006233110571293388,0.0
2025-05-09 13:33:11,7.895101033479307,2601.706,6.651127579131493,129084947744,173663100444,6.731602986766076,0.0058887395631810335,0.0
2025-05-09 13:33:12,7.901139487310789,2601.706,6.651127579131493,129186073504,173799121680,6.737819441031261,0.006038453831481938,0.0
2025-05-09 13:33:13,7.907474262767154,2601.706,6.651127579131493,129283356642,173929846172,6.741973324796354,0.006334775456365627,0.0
2025-05-09 13:33:14,7.913507362486313,2601.706,6.651127579131493,129396334260,174081755532,6.750487739371681,0.006033099719158663,0.0
2025-05-09 13:33:16,7.919584916204697,2601.706,6.651127579131493,129510402064,174235334352,6.7556257469463885,0.006077553718384365,0.0
2025-05-09 13:33:17,7.92584516653135,2601.706,6.651127579131493,129634604026,174402577512,6.763013797007711,0.006260250326652894,0.0
2025-05-09 13:33:18,7.932106258261576,2601.706,6.651127579131493,129757330108,174567364656,6.767629480791891,0.006261091730225488,0.0
2025-05-09 13:33:19,7.938338915986244,2601.706,6.651127579131493,129872380316,174722717350,6.7709045745716265,0.0062326577246683,0.0
2025-05-09 13:33:20,7.944533558224863,2601.706,6.651127579131493,129978995102,174865947100,6.773804451762521,0.006194642238618542,0.0
2025-05-09 13:33:21,7.950623371962674,2601.706,6.651127579131493,130079696310,175001049064,6.777272166352771,0.006089813737811589,0.0
2025-05-09 13:33:22,7.956644758725845,2601.706,6.651127579131493,130177229168,175132459072,6.781403245163306,0.006021386763170433,0.0
2025-05-09 13:33:23,7.962329968541318,2601.706,6.651127579131493,130268407888,175254999358,6.784429027015685,0.005685209815473158,0.0
2025-05-09 13:33:24,7.968404288328654,2601.706,6.651127579131493,130339693732,175350982398,6.784643470645554,0.00607431978733608,0.0
2025-05-09 13:33:25,7.974508067378995,2601.706,6.651127579131493,130440641930,175486701228,6.796466308285827,0.006103779050341096,0.0
2025-05-09 13:33:26,7.980843418726269,2601.706,6.651127579131493,130540116612,175620638412,6.801209073163645,0.006335351347273921,0.0
2025-05-09 13:33:27,7.986905390925347,2601.706,6.651127579131493,130640147834,175755237273,6.806180472622908,0.006061972199078447,0.0
2025-05-09 13:33:28,7.99297748611013,2601.706,6.651127579131493,130753122518,175907445189,6.814093400470734,0.006072095184782356,0.0
2025-05-09 13:33:29,7.99952989154068,2601.706,6.651127579131493,130853335662,176042056549,6.816299515215175,0.0065524054305505786,0.0
2025-05-09 13:33:30,8.005742714301089,2601.706,6.651127579131493,130947871420,176169153025,6.8199505464235015,0.006212822760408798,0.0
2025-05-09 13:33:31,8.01110632087484,2601.706,6.651127579131493,131022692962,176270141425,6.8196592024825025,0.005363606573750346,0.0
2025-05-09 13:33:32,8.017381148939053,2601.706,6.651127579131493,131131210092,176416081699,6.832543811133873,0.0062748280642139775,0.0
2025-05-09 13:33:33,8.02364387151886,2601.706,6.651127579131493,131241854978,176564491063,6.838013673797719,0.00626272257980709,0.0
2025-05-09 13:33:34,8.029804576303631,2601.706,6.651127579131493,131349879762,176709938263,6.842384011025536,0.006160704784770488,0.0
2025-05-09 13:33:35,8.035957382704623,2601.706,6.651127579131493,131458939936,176856551929,6.8475264417463295,0.006152806400992361,0.0
2025-05-09 13:33:36,8.042126184663868,2601.706,6.651127579131493,131566963170,177002070679,6.852248297713724,0.006168801959244519,0.0
2025-05-09 13:33:37,8.04842108854631,2601.706,6.651127579131493,131668087634,177138463807,6.855681781619677,0.0062949038824413606,0.0
2025-05-09 13:33:38,8.054513589264584,2601.706,6.651127579131493,131775691244,177282864985,6.862004501794298,0.006092500718274607,0.0
2025-05-09 13:33:39,8.060651150186839,2601.706,6.651127579131493,131876942214,177419318697,6.865484539932102,0.0061375609222551475,0.0
2025-05-09 13:33:40,8.066738663778908,2601.706,6.651127579131493,131974278988,177549865467,6.869372437005757,0.006087513592069271,0.0
2025-05-09 13:33:41,8.073124330009213,2601.706,6.651127579131493,132081812648,177694820349,6.876941469790001,0.006385666230304565,0.0
2025-05-09 13:33:42,8.079299049953988,2601.706,6.651127579131493,132175927182,177821548499,6.878716659945821,0.006174719944775475,0.0
2025-05-09 13:33:43,8.084170767456813,2601.706,6.651127579131493,132243178444,177911945465,6.87629458834808,0.0048717175028247794,0.0
2025-05-09 13:33:44,8.09025178052275,2601.706,6.651127579131493,132341008814,178043347345,6.888317801000832,0.006081013065937668,0.0
2025-05-09 13:33:45,8.0964256081411,2601.706,6.651127579131493,132440002046,178176725851,6.89357081189551,0.006173827618349392,0.0
2025-05-09 13:33:46,8.102595214616958,2601.706,6.651127579131493,132539541478,178310600587,6.898610740076197,0.006169606475857847,0.0
2025-05-09 13:33:47,8.108620455942553,2601.706,6.651127579131493,132644766040,178451985753,6.904750489136672,0.006025241325595232,0.0
2025-05-09 13:33:48,8.11446624958933,2601.706,6.651127579131493,132739356302,178579446483,6.906971250454095,0.0058457936467775085,0.0
2025-05-09 13:33:49,8.120682555941979,2601.706,6.651127579131493,132834376366,178707161913,6.912012745736214,0.00621630635264836,0.0
2025-05-09 13:33:50,8.126840170682122,2601.706,6.651127579131493,132945270210,178856184435,6.920656924728328,0.006157614740143202,0.0
2025-05-09 13:33:51,8.133056265863479,2601.706,6.651127579131493,133051043132,178998554961,6.924452509073413,0.006216095181356351,0.0
2025-05-09 13:33:52,8.139133651416273,2601.706,6.651127579131493,133151497890,179134071397,6.928097192115649,0.006077385552794468,0.0
2025-05-09 13:33:53,8.145385302974223,2601.706,6.651127579131493,133251833242,179268994033,6.933027192762008,0.0062516515579496,0.0
2025-05-09 13:33:54,8.15171958780397,2601.706,6.651127579131493,133355775364,179408618989,6.938925529625807,0.006334284829748071,0.0
2025-05-09 13:33:55,8.157799854960082,2601.706,6.651127579131493,133452325030,179538796303,6.942105733550696,0.006080267156111319,0.0
2025-05-09 13:33:56,8.164011346705538,2601.706,6.651127579131493,133554979596,179676858871,6.94847394234706,0.006211491745455433,0.0
2025-05-09 13:33:57,8.170135076940744,2601.706,6.651127579131493,133658249348,179815903423,6.953532643535226,0.006123730235206182,0.0
2025-05-09 13:33:58,8.176143116375068,2601.706,6.651127579131493,133751806056,179941510027,6.956023975882684,0.00600803943432382,0.0
2025-05-09 13:33:59,8.182046856544407,2601.706,6.651127579131493,133846594700,180069589171,6.961117415618156,0.0059037401693391445,0.0
2025-05-09 13:34:01,8.188280149208435,2601.706,6.651127579131493,133939476810,180194541115,6.9656006763493785,0.006233292664028056,0.0
2025-05-09 13:34:02,8.194585820163168,2601.706,6.651127579131493,134042129744,180332474095,6.972920399113165,0.006305670954732889,0.0
2025-05-09 13:34:03,8.200680944816316,2601.706,6.651127579131493,134147528280,180474098443,6.978440195835684,0.0060951246531484315,0.0
2025-05-09 13:34:04,8.207042973936755,2601.706,6.651127579131493,134255308674,180619243435,6.984120069332034,0.006362029120438706,0.0
2025-05-09 13:34:05,8.213171210371167,2601.706,6.651127579131493,134359670646,180759822253,6.988224198879564,0.00612823643441196,0.0
2025-05-09 13:34:06,8.219476492918021,2601.706,6.651127579131493,134456836472,180890371303,6.991545833517048,0.006305282546854585,0.0
2025-05-09 13:34:07,8.225601954354248,2601.706,6.651127579131493,134561990746,181031999995,6.99835301166603,0.006125461436226942,0.0
2025-05-09 13:34:08,8.232026836524534,2601.706,6.651127579131493,134662269306,181166979949,7.002340472202258,0.006424882170286139,0.0
2025-05-09 13:34:09,8.23806585016833,2601.706,6.651127579131493,134766508218,181306943977,7.008066125717294,0.006039013643794888,0.0
2025-05-09 13:34:10,8.244267401106361,2601.706,6.651127579131493,134863920922,181438412445,7.01149518966772,0.0062015509380319855,0.0
2025-05-09 13:34:11,8.250428738403475,2601.706,6.651127579131493,134945398574,181547651091,7.01260777210541,0.006161337297113434,0.0
2025-05-09 13:34:12,8.256754950291329,2601.706,6.651127579131493,135015272634,181641666395,7.014986048215694,0.006326211887854427,0.0
2025-05-09 13:34:13,8.262975274965392,2601.706,6.651127579131493,135090335972,181742777099,7.021190775754944,0.006220324674062638,0.0
2025-05-09 13:34:14,8.268870157753216,2601.706,6.651127579131493,135155824386,181830828563,7.0236432655852035,0.0058948827878246846,0.0
2025-05-09 13:34:15,8.274629052293998,2601.706,6.651127579131493,135225395224,181924423675,7.029212988417829,0.0057588945407811565,0.0
2025-05-09 13:34:16,8.280706913719051,2601.706,6.651127579131493,135309790696,182038036291,7.037559491357872,0.006077861425053399,0.0
2025-05-09 13:34:17,8.286850391980398,2601.706,6.651127579131493,135400545084,182160082515,7.043953526366948,0.0061434782613467576,0.0
2025-05-09 13:34:18,8.292993530107173,2601.706,6.651127579131493,135492707462,182283790119,7.049174973868369,0.0061431381267755825,0.0
2025-05-09 13:34:19,8.299189188469056,2601.706,6.651127579131493,135600908562,182429608809,7.057946481357875,0.006195658361882295,0.0
2025-05-09 13:34:20,8.305316877637614,2601.706,6.651127579131493,135714130832,182581882163,7.063996216092721,0.006127689168557993,0.0
2025-05-09 13:34:21,8.31146354518542,2601.706,6.651127579131493,135817336622,182720785703,7.066574920730966,0.006146667547806572,0.0
2025-05-09 13:34:22,8.317572738177677,2601.706,6.651127579131493,135921331010,182860935779,7.071665788524772,0.006109192992257206,0.0
2025-05-09 13:34:23,8.323724018076607,2601.706,6.651127579131493,136031432714,183009019707,7.077990929243916,0.006151279898929829,0.0
2025-05-09 13:34:24,8.329990429640077,2601.706,6.651127579131493,136138916072,183153729045,7.082404764894692,0.006266411563469632,0.0
2025-05-09 13:34:25,8.336094083971386,2601.706,6.651127579131493,136247488200,183299731377,7.087525864759739,0.006103654331308661,0.0
2025-05-09 13:34:26,8.342252884256057,2601.706,6.651127579131493,136359548212,183450348405,7.093263162987476,0.006158800284671528,0.0
2025-05-09 13:34:27,8.348380295005658,2601.706,6.651127579131493,136472762952,183602688957,7.098452916787157,0.00612741074960077,0.0
2025-05-09 13:34:28,8.354636994754848,2601.706,6.651127579131493,136585670482,183754170759,7.103341680586509,0.006256699749190631,0.0
2025-05-09 13:34:29,8.360909511793846,2601.706,6.651127579131493,136697602006,183905285289,7.108225366417707,0.006272517038997449,0.0
2025-05-09 13:34:30,8.36716581903734,2601.706,6.651127579131493,136812579006,184059600537,7.113855031612502,0.006256307243493353,0.0
2025-05-09 13:34:31,8.373318033232135,2601.706,6.651127579131493,136925425648,184211574735,7.118329662168339,0.006152214194795391,0.0
2025-05-09 13:34:32,8.379659296109395,2601.706,6.651127579131493,137039185296,184364904615,7.123629541270146,0.006341262877260334,0.0
2025-05-09 13:34:33,8.385804785729942,2601.706,6.651127579131493,137148311800,184511643729,7.127423541966584,0.00614548962054684,0.0
2025-05-09 13:34:34,8.392152236518669,2601.706,6.651127579131493,137263841902,184666819749,7.133985552997566,0.006347450788727116,0.0
2025-05-09 13:34:35,8.398378289516927,2601.706,6.651127579131493,137368700284,184808079771,7.136507623596173,0.006226052998258069,0.0
2025-05-09 13:34:36,8.404563005604968,2601.706,6.651127579131493,137478307804,184955124723,7.1425088032666055,0.0061847160880414975,0.0
2025-05-09 13:34:37,8.410690304804941,2601.706,6.651127579131493,137591576582,185107521459,7.148311946826584,0.006127299199972569,0.0
2025-05-09 13:34:38,8.41692924852822,2601.706,6.651127579131493,137702596490,185257044273,7.152790822605206,0.0062389437232788225,0.0
2025-05-09 13:34:39,8.423068172203926,2601.706,6.651127579131493,137809340648,185400949637,7.156712641545772,0.006138923675706565,0.0
2025-05-09 13:34:40,8.429210512557756,2601.706,6.651127579131493,137923352818,185554156805,7.163283495428836,0.006142340353829212,0.0
2025-05-09 13:34:41,8.435390392524077,2601.706,6.651127579131493,138031920020,185700219071,7.166968412401893,0.006179879966321522,0.0
2025-05-09 13:34:42,8.44174142449791,2601.706,6.651127579131493,138150567652,185859830273,7.174412174580958,0.006351031973832022,0.0
2025-05-09 13:34:43,8.447980747106923,2601.706,6.651127579131493,138261289216,186008850431,7.177551921468169,0.006239322609014053,0.0
2025-05-09 13:34:45,8.454103972390348,2601.706,6.651127579131493,138371690296,186157191701,7.182350564494908,0.0061232252834244605,0.0
2025-05-09 13:34:46,8.460361854143825,2601.706,6.651127579131493,138486125874,186311506327,7.188357655297691,0.006257881753477079,0.0
2025-05-09 13:34:47,8.466581740450852,2601.706,6.651127579131493,138601537004,186466681651,7.1935171893433125,0.006219886307027522,0.0
2025-05-09 13:34:48,8.472698736464237,2601.706,6.651127579131493,138722750906,186629860195,7.19979138535402,0.006116996013384224,0.0
2025-05-09 13:34:49,8.478948753295516,2601.706,6.651127579131493,138835530398,186781639889,7.202808072819043,0.006250016831279126,0.0
2025-05-09 13:34:50,8.485156493210988,2601.706,6.651127579131493,138951850716,186938173707,7.208603759751421,0.006207739915472743,0.0
2025-05-09 13:34:51,8.49138207214583,2601.706,6.651127579131493,139069148782,187095818073,7.213793052499295,0.006225578934841991,0.0
2025-05-09 13:34:52,8.497499655407207,2601.706,6.651127579131493,139180953718,187246068675,7.217398429708396,0.00611758326137668,0.0
2025-05-09 13:34:53,8.503544529501408,2601.706,6.651127579131493,139294963750,187399643481,7.2227872589837565,0.006044874094200736,0.0
2025-05-09 13:34:54,8.509738666225566,2601.706,6.651127579131493,139411237068,187556177361,7.228264804363083,0.006194136724158028,0.0
2025-05-09 13:34:55,8.515956444357748,2601.706,6.651127579131493,139528846446,187714365781,7.233538086868829,0.006217778132182161,0.0
2025-05-09 13:34:56,8.522090060010784,2601.706,6.651127579131493,139644568230,187869665941,7.2379673939912585,0.006133615653036273,0.0
2025-05-09 13:34:57,8.528230294856467,2601.706,6.651127579131493,139767546392,188035614499,7.244670059467803,0.006140234845682713,0.0
2025-05-09 13:34:58,8.534468418296013,2601.706,6.651127579131493,139889433610,188199468739,7.249342032019442,0.006238123439546328,0.0
2025-05-09 13:34:59,8.540811963240822,2601.706,6.651127579131493,140009731712,188361486757,7.254074334175288,0.006343544944808599,0.0
2025-05-09 13:35:00,8.546841970642166,2601.706,6.651127579131493,140127044700,188519190855,7.258168436696364,0.006030007401344406,0.0
2025-05-09 13:35:01,8.552938605211065,2601.706,6.651127579131493,140245440634,188678615379,7.263326081551482,0.006096634568898196,0.0
2025-05-09 13:35:02,8.559033272032915,2601.706,6.651127579131493,140359880128,188832495189,7.267251699608963,0.006094666821850225,0.0
2025-05-09 13:35:03,8.565104365932466,2601.706,6.651127579131493,140481340174,188995920387,7.273765168728604,0.006071093899551627,0.0
2025-05-09 13:35:04,8.57128200702277,2601.706,6.651127579131493,140602484520,189158737515,7.278614904600846,0.006177641090303609,0.0
2025-05-09 13:35:05,8.57748482055055,2601.706,6.651127579131493,140718942000,189315447305,7.28249773502307,0.006202813527780293,0.0
2025-05-09 13:35:06,8.583662517762498,2601.706,6.651127579131493,140832219502,189468102719,7.286716457392629,0.00617769721194783,0.0
2025-05-09 13:35:07,8.589752611981103,2601.706,6.651127579131493,140945376832,189619699703,7.291470672567512,0.006090094218604847,0.0
2025-05-09 13:35:08,8.595988315110185,2601.706,6.651127579131493,141064990770,189781032533,7.298078480470779,0.006235703129082282,0.0
2025-05-09 13:35:09,8.602128604556878,2601.706,6.651127579131493,141181006424,189937317491,7.3021260964281325,0.006140289446692648,0.0
2025-05-09 13:35:10,8.608313577973162,2601.706,6.651127579131493,141298433706,190094954795,7.3073504725611595,0.006184973416283768,0.0
2025-05-09 13:35:11,8.61448514441493,2601.706,6.651127579131493,141404626720,190237939007,7.309698989714574,0.006171566441768306,0.0
2025-05-09 13:35:12,8.620657134642665,2601.706,6.651127579131493,141503993266,190371316061,7.312993219296763,0.006171990227734625,0.0
2025-05-09 13:35:13,8.626942817465991,2601.706,6.651127579131493,141607384102,190510599069,7.319014789955424,0.006285682823326866,0.0
2025-05-09 13:35:14,8.632954485274857,2601.706,6.651127579131493,141725782272,190670151951,7.327351845002516,0.006011667808865084,0.0
2025-05-09 13:35:15,8.639217997178594,2601.706,6.651127579131493,141853033952,190841521203,7.334429642525506,0.006263511903737751,0.0
2025-05-09 13:35:16,8.645295551090111,2601.706,6.651127579131493,141967646792,190995221541,7.33626091025472,0.006077553911516986,0.0
2025-05-09 13:35:17,8.651422849780197,2601.706,6.651127579131493,142077140234,191142571289,7.3400157504067876,0.0061272986900853255,0.0
2025-05-09 13:35:18,8.657615839087773,2601.706,6.651127579131493,142183880170,191286297757,7.344332463252849,0.006192989307576724,0.0
2025-05-09 13:35:19,8.663803275266513,2601.706,6.651127579131493,142285690492,191423048707,7.3480918989958415,0.006187436178739958,0.0
2025-05-09 13:35:20,8.669907185448048,2601.706,6.651127579131493,142393407782,191568429649,7.354428723141069,0.006103910181534999,0.0
2025-05-09 13:35:21,8.676148360410844,2601.706,6.651127579131493,142501677342,191713812001,7.359477031111306,0.006241174962795526,0.0
2025-05-09 13:35:22,8.68206470222958,2601.706,6.651127579131493,142615317574,191866527483,7.3654804847662945,0.005916341818736015,0.0
2025-05-09 13:35:23,8.6881485128525,2601.706,6.651127579131493,142725299998,192014808231,7.36953827906463,0.006083810622920183,0.0
2025-05-09 13:35:24,8.694253066705713,2601.706,6.651127579131493,142848093802,192179836161,7.3773777783472,0.006104553853212735,0.0
2025-05-09 13:35:25,8.700467854080852,2601.706,6.651127579131493,142962652732,192334270965,7.380466808247312,0.006214787375139252,0.0
2025-05-09 13:35:26,8.706586651838636,2601.706,6.651127579131493,143071651346,192480583973,7.38399363525354,0.006118797757784122,0.0
2025-05-09 13:35:27,8.712784182930289,2601.706,6.651127579131493,143174010782,192618328955,7.387430939726861,0.006197531091652664,0.0
2025-05-09 13:35:28,8.719090800552932,2601.706,6.651127579131493,143277463908,192757688831,7.392747092224976,0.006306617622643174,0.0
2025-05-09 13:35:29,8.725354160169127,2601.706,6.651127579131493,143368710400,192880421221,7.394874367917932,0.006263359616195174,0.0
2025-05-09 13:35:30,8.73154528445572,2601.706,6.651127579131493,143470508288,193017433399,7.402310385747207,0.006191124286592853,0.0
2025-05-09 13:35:31,8.737627885455096,2601.706,6.651127579131493,143586220354,193173162659,7.410439592546707,0.006082600999375742,0.0
2025-05-09 13:35:32,8.743815378376327,2601.706,6.651127579131493,143699590668,193325627339,7.414828953683692,0.006187492921231552,0.0
2025-05-09 13:35:33,8.750028416864051,2601.706,6.651127579131493,143800111910,193460480561,7.416753331473871,0.006213038487723921,0.0
2025-05-09 13:35:34,8.756199085410614,2601.706,6.651127579131493,143902145066,193597858045,7.422093483911121,0.006170668546563007,0.0
2025-05-09 13:35:36,8.762712833613612,2601.706,6.651127579131493,144014450688,193749340213,7.42974219747352,0.006513748202998215,0.0
2025-05-09 13:35:37,8.768910713875721,2601.706,6.651127579131493,144110209566,193877736421,7.430737231283207,0.006197880262108768,0.0
2025-05-09 13:35:38,8.774977362509267,2601.706,6.651127579131493,144214448478,194018070145,7.437632305190045,0.006066648633545668,0.0
2025-05-09 13:35:39,8.781054527176428,2601.706,6.651127579131493,144317724722,194157244731,7.442281856323773,0.006077164667161128,0.0
2025-05-09 13:35:40,8.786962199020154,2601.706,6.651127579131493,144424716000,194301216045,7.447859169998753,0.005907671843726092,0.0
2025-05-09 13:35:41,8.793068524384923,2601.706,6.651127579131493,144534994484,194449497651,7.453503980090569,0.00610632536476885,0.0
2025-05-09 13:35:42,8.799072193265788,2601.706,6.651127579131493,144645343238,194598019131,7.458337929595261,0.006003668880865121,0.0
2025-05-09 13:35:43,8.805188896903028,2601.706,6.651127579131493,144758609386,194750611545,7.463930125305052,0.0061167036372395955,0.0
2025-05-09 13:35:44,8.811609912508565,2601.706,6.651127579131493,144866392296,194895443909,7.467742608989482,0.006421015605537761,0.0
2025-05-09 13:35:45,8.817914266767112,2601.706,6.651127579131493,144965882136,195029494743,7.470878632396319,0.006304354258546141,0.0
2025-05-09 13:35:46,8.82402241426163,2601.706,6.651127579131493,145073667620,195174080301,7.477648187191935,0.006108147494519045,0.0
2025-05-09 13:35:47,8.830133043373587,2601.706,6.651127579131493,145184068438,195322977441,7.4832293820815,0.006110629111956811,0.0
2025-05-09 13:35:48,8.83627407609882,2601.706,6.651127579131493,145296069260,195473350917,7.488449842261686,0.00614103272523181,0.0
2025-05-09 13:35:49,8.842423373357757,2601.706,6.651127579131493,145412646318,195630380565,7.494492520868836,0.006149297258938091,0.0
2025-05-09 13:35:50,8.848702987208085,2601.706,6.651127579131493,145521589914,195777109657,7.4977228101490985,0.006279613850328047,0.0
2025-05-09 13:35:51,8.854810918820975,2601.706,6.651127579131493,145621553434,195911651203,7.50049239323941,0.006107931612890027,0.0
2025-05-09 13:35:52,8.860877744621456,2601.706,6.651127579131493,145726526772,196052536401,7.506481200879795,0.006066825800481013,0.0
2025-05-09 13:35:53,8.867033988071329,2601.706,6.651127579131493,145841631460,196207341285,7.513811299239693,0.006156243449872534,0.0
2025-05-09 13:35:54,8.87325551602605,2601.706,6.651127579131493,145957227642,196362889659,7.51891202000347,0.006221527954721751,0.0
2025-05-09 13:35:55,8.879551727965145,2601.706,6.651127579131493,146065252484,196508455689,7.522193621154747,0.006296211939094576,0.0
2025-05-09 13:35:56,8.885167333810756,2601.706,6.651127579131493,146155386574,196629761429,7.522471001631235,0.005615605845610716,0.0
2025-05-09 13:35:57,8.891260241859216,2601.706,6.651127579131493,146255420202,196764243593,7.529652924270003,0.006092908048460188,0.0
2025-05-09 13:35:58,8.89733729670451,2601.706,6.651127579131493,146360948318,196906367927,7.535828233946239,0.006077054845293972,0.0
2025-05-09 13:35:59,8.903380367026841,2601.706,6.651127579131493,146470679060,197053542623,7.541587989004103,0.00604307032233109,0.0
2025-05-09 13:36:00,8.909561001003071,2601.706,6.651127579131493,146586035114,197208780131,7.547901308585088,0.006180633976230254,0.0
2025-05-09 13:36:01,8.915723842546695,2601.706,6.651127579131493,146696934394,197358045759,7.551788716419987,0.006162841543623898,0.0
2025-05-09 13:36:02,8.921994956553906,2601.706,6.651127579131493,146808922510,197508814223,7.557064774825756,0.0062711140072106986,0.0
2025-05-09 13:36:03,8.92808379155421,2601.706,6.651127579131493,146918660864,197656794641,7.5614320620259985,0.006088835000303661,0.0
2025-05-09 13:36:04,8.93430622889735,2601.706,6.651127579131493,147028639004,197804949137,7.566451398300511,0.006222437343140541,0.0
2025-05-09 13:36:05,8.940481858605652,2601.706,6.651127579131493,147134289844,197946951887,7.570343997467153,0.0061756297083022105,0.0
2025-05-09 13:36:06,8.946649241610407,2601.706,6.651127579131493,147247015366,198098309921,7.576920900470956,0.006167383004754612,0.0
2025-05-09 13:36:07,8.952851769951426,2601.706,6.651127579131493,147355829594,198244686611,7.580993659343771,0.006202528341018976,0.0
2025-05-09 13:36:08,8.958721625518999,2601.706,6.651127579131493,147463414720,198389575469,7.58541785039783,0.0058698555675729125,0.0
2025-05-09 13:36:09,8.964941541755811,2601.706,6.651127579131493,147580236114,198546412883,7.5925122657872794,0.006219916236812395,0.0
2025-05-09 13:36:10,8.971146136624435,2601.706,6.651127579131493,147698810780,198706270511,7.597953290282179,0.006204594868624014,0.0
2025-05-09 13:36:11,8.977253330371513,2601.706,6.651127579131493,147807626832,198852703877,7.60052075767984,0.006107193747077133,0.0
2025-05-09 13:36:12,8.983300678558889,2601.706,6.651127579131493,147915785316,198998460487,7.605225203829742,0.0060473481873764,0.0
2025-05-09 13:36:13,8.989421493531543,2601.706,6.651127579131493,148020941120,199139718487,7.609371726807865,0.006120814972653932,0.0
2025-05-09 13:36:14,8.995525545197115,2601.706,6.651127579131493,148129086262,199285288999,7.6149851531403225,0.00610405166557193,0.0
2025-05-09 13:36:15,9.001660708789693,2601.706,6.651127579131493,148244011844,199440279631,7.621513340014385,0.006135163592578152,0.0
2025-05-09 13:36:16,9.00775740582503,2601.706,6.651127579131493,148355203182,199589422951,7.625432542042655,0.006096697035337328,0.0
2025-05-09 13:36:17,9.013804227372946,2601.706,6.651127579131493,148465969844,199738566439,7.6302275484809865,0.006046821547915471,0.0
2025-05-09 13:36:18,9.02012948071405,2601.706,6.651127579131493,148580281470,199892389783,7.636110233153871,0.006325253341104897,0.0
2025-05-09 13:36:19,9.026236718624316,2601.706,6.651127579131493,148695813474,200047869297,7.641283678282083,0.006107237910265795,0.0
2025-05-09 13:36:20,9.032360573500503,2601.706,6.651127579131493,148804077622,200193443547,7.6444654501830325,0.006123854876186385,0.0
2025-05-09 13:36:21,9.038388616492817,2601.706,6.651127579131493,148915516058,200343145947,7.6500181283768836,0.0060280429923142975,0.0
2025-05-09 13:36:22,9.044326241234945,2601.706,6.651127579131493,149013963568,200475718137,7.651756114570587,0.005937624742127667,0.0
2025-05-09 13:36:23,9.050412111966343,2601.706,6.651127579131493,149117409448,200615060405,7.657801655955705,0.006085870731398657,0.0
2025-05-09 13:36:24,9.05649431946722,2601.706,6.651127579131493,149221160710,200754672357,7.662724928556406,0.00608220750087618,0.0
2025-05-09 13:36:25,9.062643993757009,2601.706,6.651127579131493,149325471404,200895133029,7.667785483188237,0.0061496742897890755,0.0
2025-05-09 13:36:26,9.068734864035626,2601.706,6.651127579131493,149431608140,201037677611,7.673049174611132,0.006090870278617544,0.0
2025-05-09 13:36:27,9.074758899683882,2601.706,6.651127579131493,149536703950,201179309045,7.677672995729736,0.006024035648255932,0.0
2025-05-09 13:36:28,9.081065023239358,2601.706,6.651127579131493,149644060180,201323898197,7.683239708374117,0.006306123555475551,0.0
2025-05-09 13:36:30,9.08723423954296,2601.706,6.651127579131493,149751226160,201468044913,7.688111812816999,0.006169216303602454,0.0
2025-05-09 13:36:31,9.093442777876968,2601.706,6.651127579131493,149863528620,201618731781,7.694246306684204,0.006208538334007585,0.0
2025-05-09 13:36:32,9.09976100387197,2601.706,6.651127579131493,149989251060,201787760679,7.702477088480207,0.0063182259950025355,0.0
2025-05-09 13:36:33,9.106423860622279,2601.706,6.651127579131493,150094956198,201930002067,7.703126892680453,0.006662856750308421,0.0
2025-05-09 13:36:34,9.112478149901918,2601.706,6.651127579131493,150198954796,202070450735,7.707620398104164,0.006054289279639136,0.0
2025-05-09 13:36:35,9.118490468632345,2601.706,6.651127579131493,150302647928,202209667695,7.712276535688506,0.006012318730427069,0.0
2025-05-09 13:36:36,9.124631632345853,2601.706,6.651127579131493,150411956496,202356592359,7.718521780659312,0.0061411637135080355,0.0
2025-05-09 13:36:37,9.130895748990078,2601.706,6.651127579131493,150517534468,202498471101,7.722655422174692,0.006264116644224771,0.0
2025-05-09 13:36:38,9.137163585112527,2601.706,6.651127579131493,150625384282,202643726165,7.728234507472651,0.0062678361224488555,0.0
2025-05-09 13:36:39,9.14349054670792,2601.706,6.651127579131493,150728216126,202782101657,7.732106322548966,0.0063269615953931435,0.0
2025-05-09 13:36:40,9.149614179107903,2601.706,6.651127579131493,150839111890,202931489933,7.738912898868953,0.006123632399983592,0.0
2025-05-09 13:36:41,9.155656771786719,2601.706,6.651127579131493,150955197810,203087885921,7.744966759812005,0.0060425926788152395,0.0
2025-05-09 13:36:42,9.161872190049579,2601.706,6.651127579131493,151070481612,203242817753,7.749712467022293,0.006215418262859984,0.0
2025-05-09 13:36:43,9.167896521865691,2601.706,6.651127579131493,151186326894,203398790813,7.754692203275184,0.006024331816112394,0.0
2025-05-09 13:36:44,9.17395069536186,2601.706,6.651127579131493,151290200082,203538508349,7.756712780272119,0.006054173496169213,0.0
2025-05-09 13:36:45,9.180057202577721,2601.706,6.651127579131493,151396887514,203681925191,7.762249341044807,0.0061065072158612566,0.0
2025-05-09 13:36:46,9.186389490131647,2601.706,6.651127579131493,151512661038,203837592221,7.769448799087948,0.006332287553926008,0.0
2025-05-09 13:36:47,9.19260726758199,2601.706,6.651127579131493,151619473464,203981546411,7.7723556272482215,0.006217777450341799,0.0
2025-05-09 13:36:48,9.198843921846779,2601.706,6.651127579131493,151729206926,204128961551,7.777983149260053,0.006236654264789365,0.0
2025-05-09 13:36:49,9.204950169228939,2601.706,6.651127579131493,151850297192,204292023965,7.785568554965781,0.006106247382160035,0.0
2025-05-09 13:36:50,9.211075250620421,2601.706,6.651127579131493,151959238236,204438830597,7.787628119678968,0.006125081391482823,0.0
2025-05-09 13:36:51,9.21727181415783,2601.706,6.651127579131493,152062377660,204577141091,7.791155594708894,0.00619656353740794,0.0
2025-05-09 13:36:52,9.223343525052794,2601.706,6.651127579131493,152173327098,204726408383,7.797889644624865,0.00607171089496461,0.0
2025-05-09 13:36:53,9.229440948616032,2601.706,6.651127579131493,152284525012,204876417107,7.802866574275456,0.00609742356323828,0.0
2025-05-09 13:36:54,9.235523507326262,2601.706,6.651127579131493,152391876166,205020259973,7.806731359443639,0.0060825587102293355,0.0
2025-05-09 13:36:55,9.241551841109317,2601.706,6.651127579131493,152500147418,205165941841,7.811829936470083,0.006028333783055118,0.0
2025-05-09 13:36:56,9.247500504848391,2601.706,6.651127579131493,152605300326,205308062701,7.815920932261343,0.0059486637390744335,0.0
2025-05-09 13:36:57,9.253658633730238,2601.706,6.651127579131493,152717235252,205458316719,7.822338952966821,0.006158128881846636,0.0
2025-05-09 13:36:58,9.259706182540725,2601.706,6.651127579131493,152825808280,205604412485,7.82642497701521,0.006047548810487413,0.0
2025-05-09 13:36:59,9.265721836078125,2601.706,6.651127579131493,152935785940,205752572813,7.8315844192451305,0.0060156535373998565,0.0
2025-05-09 13:37:00,9.271774114533606,2601.706,6.651127579131493,153053089636,205910516381,7.8381371696095155,0.006052278455481286,0.0
2025-05-09 13:37:01,9.277834627009163,2601.706,6.651127579131493,153173013334,206071538459,7.843555430789961,0.006060512475556834,0.0
2025-05-09 13:37:02,9.283865908898543,2601.706,6.651127579131493,153290191958,206229548371,7.847804732301465,0.006031281889379514,0.0
2025-05-09 13:37:03,9.289980182757393,2601.706,6.651127579131493,153409202684,206389040999,7.853027633188545,0.006114273858850439,0.0
2025-05-09 13:37:04,9.29591226910136,2601.706,6.651127579131493,153522231954,206541632515,7.856485045463717,0.0059320863439662475,0.0
2025-05-09 13:37:05,9.302079782211349,2601.706,6.651127579131493,153634706498,206692806469,7.86122182715171,0.006167513109989642,0.0
2025-05-09 13:37:06,9.308155508538068,2601.706,6.651127579131493,153749314652,206847247147,7.866622441613085,0.006075726326718822,0.0
2025-05-09 13:37:07,9.314279612575007,2601.706,6.651127579131493,153863450656,207000450715,7.871350798842636,0.00612410403693886,0.0
2025-05-09 13:37:08,9.320406382670305,2601.706,6.651127579131493,153974218674,207149838235,7.875533811518874,0.006126770095297829,0.0
2025-05-09 13:37:09,9.326592909666983,2601.706,6.651127579131493,154084620200,207298281449,7.880351953316217,0.006186526996678765,0.0
2025-05-09 13:37:10,9.332689655970567,2601.706,6.651127579131493,154199597768,207452913059,7.886305794159084,0.0060967463035837,0.0
2025-05-09 13:37:11,9.338790516436243,2601.706,6.651127579131493,154316415322,207609630317,7.891579045931624,0.006100860465675595,0.0
2025-05-09 13:37:12,9.34494651129353,2601.706,6.651127579131493,154429931496,207762592313,7.895798177617454,0.006155994857287794,0.0
2025-05-09 13:37:13,9.351013142600689,2601.706,6.651127579131493,154535328416,207904344587,7.898718585063182,0.006066631307158232,0.0
2025-05-09 13:37:14,9.357260254106583,2601.706,6.651127579131493,154628335622,208029593111,7.900826927867897,0.006247111505894409,0.0
2025-05-09 13:37:15,9.363279136719388,2601.706,6.651222368197383,154733989520,208171887739,7.908613209339459,0.006018882612805143,9.478906589066582e-05
2025-05-09 13:37:16,9.369347016532783,2601.706,6.651222368197383,154843230764,208319116839,7.9143196949901755,0.006067879813395294,0.0
2025-05-09 13:37:18,9.37583316953157,2601.706,6.651222368197383,154963103308,208480209105,7.921958063989204,0.006486152998785855,0.0
2025-05-09 13:37:19,9.381905148684165,2601.706,6.651222368197383,155076917132,208633290045,7.92540864271128,0.00607197915259583,0.0
2025-05-09 13:37:20,9.387882812194459,2601.706,6.651222368197383,155186650214,208780879541,7.929233554919515,0.005977663510293496,0.0
2025-05-09 13:37:21,9.394046523527116,2601.706,6.651222368197383,155300849506,208934530191,7.935217260385641,0.006163711332657584,0.0
2025-05-09 13:37:22,9.400190906289303,2601.706,6.651222368197383,155409899344,209081335557,7.938933292795391,0.006144382762187206,0.0
2025-05-09 13:37:23,9.406345593210796,2601.706,6.651222368197383,155516954198,209225373213,7.943380772932585,0.006154686921492569,0.0
2025-05-09 13:37:24,9.412412865228188,2601.706,6.651222368197383,155630471176,209377833849,7.949723100946498,0.006067272017391545,0.0
2025-05-09 13:37:25,9.418485179467027,2601.706,6.651222368197383,155741120630,209527095957,7.953974347137569,0.006072314238839027,0.0
2025-05-09 13:37:26,9.424671076788988,2601.706,6.651222368197383,155852250574,209676654243,7.959000731795139,0.006185897321961065,0.0
2025-05-09 13:37:27,9.430760048636696,2601.706,6.651222368197383,155958021960,209819085483,7.962623348873304,0.00608897184770818,0.0
2025-05-09 13:37:28,9.436954433465012,2601.706,6.651222368197383,156067876058,209966439593,7.968479414935958,0.006194384828315691,0.0
2025-05-09 13:37:29,9.442933246748348,2601.706,6.651222368197383,156176451000,210112503509,7.973005530562626,0.005978813283336493,0.0
2025-05-09 13:37:30,9.448942980832568,2601.706,6.651222368197383,156285880104,210259672021,7.978009193630003,0.006009734084219787,0.0
2025-05-09 13:37:31,9.454878664713245,2601.706,6.651222368197383,156391038668,210401305465,7.981777179934544,0.005935683880677445,0.0
2025-05-09 13:37:32,9.460946384606029,2601.706,6.651222368197383,156501195510,210549834259,7.987820718648771,0.00606771989278343,0.0
2025-05-09 13:37:33,9.46704056596957,2601.706,6.651222368197383,156612581210,210699228589,7.992905503139605,0.006094181363542006,0.0
2025-05-09 13:37:34,9.473242278262736,2601.706,6.651222368197383,156710783970,210831377377,7.994824024774137,0.006201712293165684,0.0
2025-05-09 13:37:35,9.479337338875297,2601.706,6.651222368197383,156818191604,210976023175,8.001870261664186,0.006095060612560488,0.0
2025-05-09 13:37:36,9.485557759343541,2601.706,6.651222368197383,156934579336,211132615537,8.008939264238782,0.006220420468244114,0.0
2025-05-09 13:37:37,9.49172489644356,2601.706,6.651222368197383,157040964050,211275725035,8.011524385718797,0.006167137100019815,0.0
2025-05-09 13:37:38,9.49789037280617,2601.706,6.651222368197383,157145691136,211416986929,8.016106243608885,0.0061654763626091125,0.0
2025-05-09 13:37:39,9.503925121105839,2601.706,6.651222368197383,157254089906,211562499251,8.02172625344862,0.0060347482996689905,0.0
2025-05-09 13:37:40,9.51020461345192,2601.706,6.651222368197383,157355215244,211698714857,8.025092832525484,0.006279492346081383,0.0
2025-05-09 13:37:41,9.516304023829647,2601.706,6.651222368197383,157458291684,211837141937,8.030388618427667,0.00609941037772721,0.0
2025-05-09 13:37:42,9.522495137717765,2601.706,6.651222368197383,157563327698,211978824711,8.03586303633816,0.006191113888117883,0.0
2025-05-09 13:37:43,9.528734013106966,2601.706,6.651222368197383,157676551810,212130978047,8.042720002649522,0.006238875389200871,0.0
2025-05-09 13:37:44,9.534850073604892,2601.706,6.651222368197383,157775965548,212264661845,8.044384859847861,0.006116060497925346,0.0
2025-05-09 13:37:45,9.541215695423274,2601.706,6.651222368197383,157877464658,212401442941,8.049995624302568,0.006365621818382294,0.0
2025-05-09 13:37:46,9.54723508129582,2601.706,6.651222368197383,157991478526,212555196133,8.057759818400605,0.006019385872546579,0.0
2025-05-09 13:37:47,9.553326218648209,2601.706,6.651222368197383,158098535152,212698423015,8.060884373082516,0.0060911373523886425,0.0
2025-05-09 13:37:48,9.55933687484179,2601.706,6.651222368197383,158214249762,212854398975,8.06783360423738,0.006010656193581099,0.0
2025-05-09 13:37:49,9.565609576085865,2601.706,6.651222368197383,158322765532,213000766599,8.071171047632642,0.006272701244075307,0.0
2025-05-09 13:37:50,9.57169960401425,2601.706,6.651222368197383,158421143500,213132669405,8.073582807975349,0.006090027928385311,0.0
2025-05-09 13:37:51,9.577814726516223,2601.706,6.651222368197383,158531186480,213280935013,8.081277687376927,0.0061151225019724365,0.0
2025-05-09 13:37:52,9.584093093682954,2601.706,6.651222368197383,158625725782,213407910565,8.082621007710312,0.006278367166730803,0.0
2025-05-09 13:37:53,9.59027056911745,2601.706,6.651222368197383,158736076456,213556440019,8.091299515457909,0.006177475434496316,0.0
2025-05-09 13:37:54,9.596580186025744,2601.706,6.651222368197383,158834036152,213688345165,8.093445680384544,0.006309616908293236,0.0
2025-05-09 13:37:55,9.602739531019024,2601.706,6.651222368197383,158938397644,213828873475,8.099875652379167,0.006159344993280413,0.0
2025-05-09 13:37:56,9.608815221337053,2601.706,6.651222368197383,159043059978,213969519379,8.104778048233591,0.006075690318029459,0.0
2025-05-09 13:37:57,9.61522733584384,2601.706,6.651222368197383,159147064536,214109308933,8.10975632723902,0.006412114506787248,0.0
2025-05-09 13:37:58,9.621386190181717,2601.706,6.651222368197383,159254351912,214253706871,8.115472530909322,0.006158854337876107,0.0
2025-05-09 13:37:59,9.62744784345212,2601.706,6.651222368197383,159364944866,214402296181,8.121071548525645,0.006061653270403866,0.0
2025-05-09 13:38:00,9.633362315527231,2601.706,6.651222368197383,159474975886,214550561143,8.125714497985733,0.005914472075110311,0.0
2025-05-09 13:38:02,9.63939018367,2601.706,6.651222368197383,159596373088,214713497791,8.13314057929995,0.006027868142769677,0.0
2025-05-09 13:38:03,9.645605950072337,2601.706,6.651222368197383,159712759380,214870631731,8.137031830621819,0.006215766402336342,0.0
2025-05-09 13:38:04,9.651762185591215,2601.706,6.651222368197383,159812904400,215005241587,8.13808028343692,0.006156235518878006,0.0
2025-05-09 13:38:05,9.657908329651871,2601.706,6.651222368197383,159909031674,215134791431,8.142089422885446,0.006146144060656056,0.0
2025-05-09 13:38:06,9.663865854425199,2601.706,6.651222368197383,160021330702,215285780159,8.150616506504107,0.0059575247733274495,0.0
2025-05-09 13:38:07,9.670035627266685,2601.706,6.651222368197383,160122706876,215421870653,8.152970215977296,0.006169772841486676,0.0
2025-05-09 13:38:08,9.67608233418665,2601.706,6.651222368197383,160242388834,215583260879,8.16216813311327,0.006046706919965672,0.0
2025-05-09 13:38:09,9.682307659020452,2601.706,6.651222368197383,160351034208,215729446547,8.16452427878031,0.006225324833801338,0.0
2025-05-09 13:38:10,9.688393447421232,2601.706,6.651222368197383,160460091344,215876004971,8.169471361300934,0.00608578840077989,0.0
2025-05-09 13:38:11,9.694297620476485,2601.706,6.651222368197383,160565989448,216018059189,8.173428375945136,0.005904173055252926,0.0
2025-05-09 13:38:12,9.700318070444352,2601.706,6.651222368197383,160674933740,216165295799,8.179067593919429,0.006020449967866881,0.0
2025-05-09 13:38:13,9.706427327139382,2601.706,6.651222368197383,160789982264,216319664933,8.185278674875454,0.006109256695030041,0.0
2025-05-09 13:38:14,9.712454738146931,2601.706,6.651222368197383,160903189084,216472375937,8.189750620281494,0.006027411007549333,0.0
2025-05-09 13:38:15,9.718614104176401,2601.706,6.651222368197383,161014880030,216622257899,8.19424362150507,0.0061593660294700925,0.0
2025-05-09 13:38:16,9.724864284183457,2601.706,6.651222368197383,161122675480,216767394937,8.198379723510714,0.0062501800070560165,0.0
2025-05-09 13:38:17,9.730765280175607,2601.706,6.651222368197383,161234962200,216918383959,8.204134845704433,0.00590099599214966,0.0
2025-05-09 13:38:18,9.736945987717355,2601.706,6.651222368197383,161339519778,217059033295,8.207272528937832,0.006180707541748376,0.0
2025-05-09 13:38:19,9.743107351361852,2601.706,6.651222368197383,161457367914,217217658829,8.21532829545343,0.006161363644496376,0.0
2025-05-09 13:38:20,9.74925331395466,2601.706,6.651222368197383,161567780664,217366189749,8.218492065527675,0.006145962592809084,0.0
2025-05-09 13:38:21,9.755545870944262,2601.706,6.651222368197383,161676109138,217512008749,8.223046491519357,0.0062925569896012945,0.0
2025-05-09 13:38:22,9.76162398187727,2601.706,6.651222368197383,161788415618,217663000633,8.228824069265764,0.0060781109330072525,0.0
2025-05-09 13:38:23,9.767757541861421,2601.706,6.651222368197383,161897653148,217810046539,8.233029424453084,0.00613355998415166,0.0
2025-05-09 13:38:24,9.773830242305785,2601.706,6.651222368197383,162005806158,217955430001,8.237612888408576,0.006072700444363477,0.0
2025-05-09 13:38:25,9.779896415299667,2601.706,6.651222368197383,162115000226,218102600587,8.242748645003681,0.006066172993882901,0.0
2025-05-09 13:38:26,9.786024082454025,2601.706,6.651222368197383,162222655828,218247365539,8.247256368727168,0.006127667154357752,0.0
2025-05-09 13:38:27,9.79207387192131,2601.706,6.651222368197383,162333553500,218396384863,8.252845844500996,0.006049789467285294,0.0
2025-05-09 13:38:28,9.798167103848485,2601.706,6.651222368197383,162452075620,218555816629,8.259524119042736,0.0060932319271742585,0.0
2025-05-09 13:38:29,9.804347100514127,2601.706,6.651222368197383,162573713244,218719056937,8.265160520975249,0.006179996665641951,0.0
2025-05-09 13:38:30,9.810361984330541,2601.706,6.651222368197383,162685950552,218870541265,8.26785679842838,0.00601488381641424,0.0
2025-05-09 13:38:31,9.816550451262515,2601.706,6.651222368197383,162801057696,219025289245,8.27342092077396,0.006188466931973835,0.0
2025-05-09 13:38:32,9.82269817362715,2601.706,6.651222368197383,162913608040,219177100947,8.277789790865668,0.00614772236463601,0.0
2025-05-09 13:38:33,9.828765193014952,2601.706,6.651222368197383,163021020788,219321456423,8.28138402417591,0.006067019387801409,0.0
2025-05-09 13:38:34,9.834905354517032,2601.706,6.651222368197383,163126550462,219463134939,8.285840149977574,0.006140161502079522,0.0
2025-05-09 13:38:35,9.840898262568071,2601.706,6.651222368197383,163235123880,219609690251,8.291426530418406,0.0059929080510396915,0.0
2025-05-09 13:38:36,9.846939581481653,2601.706,6.651222368197383,163345838180,219758714363,8.296720553749271,0.006041318913581506,0.0
2025-05-09 13:38:37,9.85305510296306,2601.706,6.651222368197383,163466317650,219920292323,8.303844872734395,0.006115521481406816,0.0
2025-05-09 13:38:38,9.8591053999301,2601.706,6.651222368197383,163584901886,220080148031,8.308323361708027,0.006050296967039515,0.0
2025-05-09 13:38:39,9.865164680523158,2601.706,6.651222368197383,163698478300,220232862569,8.311955886982474,0.0060592805930586024,0.0
2025-05-09 13:38:40,9.871230387111932,2601.706,6.651222368197383,163815239568,220389886109,8.317557837853494,0.006065706588774589,0.0
2025-05-09 13:38:41,9.87730583343412,2601.706,6.651222368197383,163932662310,220547772899,8.322570667311243,0.006075446322187261,0.0
2025-05-09 13:38:42,9.883290385731787,2601.706,6.651222368197383,164043371834,220697099549,8.325830973349378,0.005984552297666923,0.0
2025-05-09 13:38:43,9.889353804602315,2601.706,6.651222368197383,164164220780,220859600365,8.3330130672458,0.006063418870528636,0.0
2025-05-09 13:38:44,9.895601102490787,2601.706,6.651222368197383,164275965836,221010099499,8.335900348356578,0.006247297888471337,0.0
2025-05-09 13:38:45,9.901744328119069,2601.706,6.651222368197383,164378077192,221147040397,8.338495735259203,0.006143225628282067,0.0
2025-05-09 13:38:46,9.907857516114287,2601.706,6.651222368197383,164496599448,221306894869,8.347318733055378,0.006113187995218539,0.0
2025-05-09 13:38:47,9.913901041553434,2601.706,6.651222368197383,164608412482,221457144793,8.350522176406695,0.0060435254391464355,0.0
2025-05-09 13:38:48,9.919959300920661,2601.706,6.651222368197383,164721754120,221609431315,8.355725304100478,0.006058259367227592,0.0
2025-05-09 13:38:49,9.926094521917527,2601.706,6.651222368197383,164838439316,221766451111,8.36144116409797,0.006135220996865698,0.0
2025-05-09 13:38:50,9.932232045257182,2601.706,6.651222368197383,164950131234,221916702691,8.365175033369693,0.006137523339655004,0.0
2025-05-09 13:38:51,9.938227740801196,2601.706,6.651222368197383,165064813228,222071263387,8.370701509004904,0.005995695544013913,0.0
2025-05-09 13:38:53,9.944244795487139,2601.706,6.651222368197383,165179373062,222225212431,8.375441771553659,0.006017054685942824,0.0
2025-05-09 13:38:54,9.950483945565072,2601.706,6.651222368197383,165289353880,222373123035,8.379371346016006,0.0062391500779330755,0.0
2025-05-09 13:38:55,9.95646896082188,2601.706,6.651222368197383,165401464528,222523925589,8.384661536221452,0.005985015256808168,0.0
2025-05-09 13:38:56,9.962599411727311,2601.706,6.651222368197383,165523045248,222687649933,8.391805083145796,0.006130450905430962,0.0
2025-05-09 13:38:57,9.96865882991487,2601.706,6.651222368197383,165639124102,222844059115,8.395370914895844,0.006059418187559729,0.0
2025-05-09 13:38:58,9.974712983928418,2601.706,6.651222368197383,165758084242,223004218867,8.400877423706682,0.006054154013547475,0.0
2025-05-09 13:38:59,9.98080812706639,2601.706,6.651222368197383,165878617928,223165675069,8.406040537817061,0.006095143137972769,0.0
2025-05-09 13:39:00,9.986893961990367,2601.706,6.651222368197383,165993409192,223320547179,8.40967655435624,0.0060858349239758525,0.0
2025-05-09 13:39:01,9.992940289728963,2601.706,6.651222368197383,166102970048,223468077855,8.413256432347119,0.006046327738596702,0.0
2025-05-09 13:39:02,9.99899194396463,2601.706,6.651222368197383,166226682434,223634337963,8.421385851935652,0.006051654235665893,0.0
2025-05-09 13:39:03,10.005056872372538,2601.706,6.651222368197383,166345571176,223793824905,8.42507811366198,0.006064928407909065,0.0
2025-05-09 13:39:04,10.011040489500802,2601.706,6.651222368197383,166464335718,223954358229,8.42995722556459,0.005983617128263674,0.0
2025-05-09 13:39:05,10.017225597214493,2601.706,6.651222368197383,166584389374,224115570579,8.435102125735543,0.006185107713690741,0.0
2025-05-09 13:39:06,10.023276880413245,2601.706,6.651222368197383,166698159280,224268714463,8.438507930694545,0.006051283198752699,0.0
2025-05-09 13:39:07,10.029299263668822,2601.706,6.651222368197383,166816131260,224426968549,8.444257064899006,0.006022383255576358,0.0
2025-05-09 13:39:08,10.03535838915783,2601.706,6.651222368197383,166926412940,224575864281,8.447399499890214,0.00605912548900811,0.0
2025-05-09 13:39:09,10.041388219928121,2601.706,6.651222368197383,167035053766,224721924129,8.451775690706446,0.006029830770291511,0.0
2025-05-09 13:39:10,10.047369957801747,2601.706,6.651222368197383,167148571236,224874516117,8.457701959405346,0.005981737873625548,0.0
2025-05-09 13:39:11,10.053428465147935,2601.706,6.651222368197383,167265628402,225032155761,8.463407500482296,0.006058507346187625,0.0
2025-05-09 13:39:12,10.059396158643054,2601.706,6.651222368197383,167379447194,225184993923,8.467377669678392,0.005967693495119164,0.0
2025-05-09 13:39:13,10.06541577705853,2601.706,6.651222368197383,167498825548,225345714237,8.473537535810772,0.006019618415475492,0.0
2025-05-09 13:39:14,10.071462900176048,2601.706,6.651222368197383,167617594136,225505802643,8.478251066904788,0.006047123117518538,0.0
2025-05-09 13:39:15,10.077574688561112,2601.706,6.651222368197383,167733564050,225661722897,8.482443815012838,0.006111788385064543,0.0
2025-05-09 13:39:16,10.083568231099752,2601.706,6.651222368197383,167848919492,225816898791,8.487102765843751,0.005993542538639929,0.0
2025-05-09 13:39:17,10.089657457267046,2601.706,6.651222368197383,167970676002,225980694183,8.493476203377586,0.006089226167294015,0.0
2025-05-09 13:39:18,10.095822646290811,2601.706,6.651222368197383,168094686370,226147570077,8.498941790596596,0.006165189023764839,0.0
2025-05-09 13:39:19,10.102056876933155,2601.706,6.651222368197383,168210709074,226303610547,8.50204686631047,0.006234230642343519,0.0
2025-05-09 13:39:20,10.108165804322656,2601.706,6.651222368197383,168323556474,226455465081,8.506197884222074,0.006108927389501417,0.0
2025-05-09 13:39:21,10.114212896582787,2601.706,6.651222368197383,168433047286,226602638493,8.510231787030179,0.006047092260130782,0.0
2025-05-09 13:39:22,10.12036618497663,2601.706,6.651222368197383,168559012126,226771977819,8.519018411945252,0.006153288393843326,0.0
2025-05-09 13:39:23,10.126474189260506,2601.706,6.651222368197383,168681020106,226936266177,8.523004032572352,0.006108004283875701,0.0
2025-05-09 13:39:24,10.132566377502133,2601.706,6.651222368197383,168793742876,227087627217,8.525656530365655,0.006092188241627383,0.0
2025-05-09 13:39:25,10.138700493426164,2601.706,6.651222368197383,168906349384,227239725257,8.53062589690488,0.006134115924030681,0.0
2025-05-09 13:39:26,10.144842629600836,2601.706,6.651222368197383,169019868222,227392371065,8.535685615644617,0.006142136174672075,0.0
2025-05-09 13:39:27,10.150928280252232,2601.706,6.651222368197383,169136805664,227549151293,8.541309438565735,0.006085650651396435,0.0
2025-05-09 13:39:28,10.156937596175087,2601.706,6.651222368197383,169245751650,227695707959,8.544295389504018,0.006009315922854697,0.0
2025-05-09 13:39:29,10.162948705746826,2601.706,6.651222368197383,169357563928,227846632527,8.549827696561408,0.006011109571739226,0.0
2025-05-09 13:39:30,10.16905129617741,2601.706,6.651222368197383,169475172682,228004937371,8.556027444105876,0.0061025904305829215,0.0
